id,nome_original,nome_armazenado,extensao,tipo_mime,tamanho,categoria,descricao,data_upload,sha256,origem,severidade,tipo_de_evento,data_hora_evento,sistema_de_origem
acdd51d4-a8cb-4a84-baae-f2b2ea08795a,2026 10 08 08 15 32 INFO.log,2026 10 08 08 15 32 INFO.log,.log,text/x-log,472,auditorias,Log de auditoria de autenticação e tentativas de acesso a recursos restritos,2026-10-08T17:50:39.749309,536d02eb5300803caf83422b2d152f1dd79e5fa6decc0fac803569c79e7a1e73,modulo_autenticacao,alto,tentativa_acesso_negado,2026-10-08T17:50:39.749321,sistema_admin
0eeb1b34-f922-4bba-9986-d9565686745f,2026 10 08 09 01 12 INFO.log,2026 10 08 09 01 12 INFO.log,.log,text/x-log,401,auditorias,Log de requisições HTTP da API de documentos registrando erro interno do servidor (Status 500),2026-10-08T17:53:24.466153,7d91a390139f9a34e1ef8b90d381add2c06627dd016d073d9909b2adb0c4f9e5,api_documentos,critico,erro_interno_servidor,2026-10-08T17:53:24.466163,backend_api
a42bad41-57f3-4529-91d7-13b80ef6e218,2026 10 08 10 10 21 INFO.log,2026 10 08 10 10 21 INFO.log,.log,text/x-log,511,auditorias,Registo de auditoria de segurança referente a tentativas incorretas de palavra-passe e bloqueio temporário de conta,2026-10-08T17:54:35.973109,93458ddaf55514068ae47a9a64163b0a955a1a79d49b74fbaf85b0ca161b1de2,sistema_seguranca,alto,bloqueio_de_conta,2026-10-08T17:54:35.973121,servico_autenticacao
643e4034-7186-4b31-8b76-0103df81e210,2026 10 08 11 00 00 INFO.log,2026 10 08 11 00 00 INFO.log,.log,text/x-log,472,auditorias,Registo de auditoria da execução e conclusão com sucesso do backup do sistema,2026-10-08T17:56:48.641851,752b1166ebfb882592baa2b30ea3f199944e5f647e2dcbbd194e3b6059ac52b4,sistema_backup,baixo,execucao_backup,2026-10-08T17:56:48.641862,servico_backup
a0c7bc1e-6401-4938-abdc-e86b883c1f4d,2026 10 08 13 20 10 WARNING.log,2026 10 08 13 20 10 WARNING.log,.log,text/x-log,619,auditorias,Registo de auditoria de incidentes de segurança com deteção de acesso não autorizado e atividade suspeita no servidor,2026-10-08T17:59:34.761562,a20288645c9649ad7d45478e3917518bf46edcb1da4f7a488f411d28d8e52d2e,sistema_seguranca,alto,incidente_seguranca,2026-10-08T17:59:34.761572,servidor
e8214058-2d36-4ed8-9e4e-5a91e3bcbce5,analise_incidente.json,analise_incidente.json,.json,application/json,567,relatorios,Foram identificadas múltiplas tentativas de autenticação inválida em um curto intervalo de tempo.,2026-10-08T18:05:37.347433,9dd701d3f96e4bb3e0b1cab7205b27bb5a29a6d70dd42852b435dbeb40767c13,192.168.10.45,alto,Tentativa de acesso não autorizado,2026-10-08T18:05:37.347448,Servidor Web
b3d8015f-2b13-45f8-85a8-96ceface3c80,analise_vulnerabilidades.json,analise_vulnerabilidades.json,.json,application/json,773,relatorios,Foram identificadas 3 vulnerabilidades durante a analise.,2026-10-08T18:07:04.978617,8736b389897a9dc2896907ddf5dd024fadb0acdd6d6984c2bfb86d2cd5744488,Equipe de Segurança,alto,analise_de_vulnerabilidades,2026-10-08T18:07:04.978629,Servidor de testes
7929b84e-e98f-4a6f-9514-569c9abc88d2,incidentes_seguranca.csv,incidentes_seguranca.csv,.csv,text/csv,1038,auditorias,"Relatório consolidado de incidentes de segurança registando tentativas de acesso, deteção de malware, alterações de configuração e varreduras",2026-10-08T18:22:18.776861,323972a9726bc0bd70498ebe970c68985557c49f924ba2d01f87c4fc53258fa2,sistema_siem,alto,relatorio_de_incidentes,2026-10-08T18:22:18.776872,sistema_de_monitorizacao
31f9aeba-3dbe-45ab-b175-bd00f9ba4001,inventario_ativos.csv,inventario_ativos.csv,.csv,text/csv,469,auditorias,"Inventário de ativos de TI da rede, incluindo servidores, computadores e equipamentos de rede",2026-10-08T18:23:32.149568,1ca02ab2022eb8200d47fbc2a42a893014ef69f3592ecb5bbbdb631be54b2565,Rede Interna,alto,inventario_de_ativos,2026-10-08T18:23:32.149579,gestao_de_ativos
d37866ab-0e9b-4f17-b58e-efd722337cef,istockphoto-1552877787-1024x1024.jpg,istockphoto-1552877787-1024x1024.jpg,.jpg,image/jpeg,89969,prints,Imagem ilustrativa de profissional a analisar código e métricas de segurança num tablet com ícone de cadeado,2026-10-08T18:27:04.191510,ace7b7d518dae78c372e457fc6a0f9fadc561eff98610cd30be982435e6e11f0,banco_de_imagens,baixo,midia_institucional,2026-10-08T18:27:04.191520,banco_de_imagens
d303d8dc-9dd5-475f-874d-d9dd5b3a8d33,madartzgraphics-hacker-1944688_1280.jpg,madartzgraphics-hacker-1944688_1280.jpg,.jpg,image/jpeg,212941,prints,Imagem ilustrativa de código-fonte de software com sobreposição de ícone de cadeado de segurança,2026-10-08T18:28:09.009198,b54cd19ff69ef4e716da98c5aceaeeba2d76e3bd361762245def0637a8bef7ae,repositorio_codigo,baixo,ilustracao_codigo,2026-10-08T18:28:09.009209,ambiente_desenvolvimento
61fc06ee-4709-4492-a72b-e1b80e742106,pexels-ann-h-45017-38482453.jpg,pexels-ann-h-45017-38482453.jpg,.jpg,image/jpeg,2470285,prints,banner visual de campanha de consciencialização com a inscrição 'CYBER SECURITY',2026-10-08T18:29:17.891632,e658770462f927fb086677cef50f42d3c9718545910e632f51bc3376a221f62f,equipa_marketingstring,baixo,campanha_conscientizacao,2026-10-08T18:29:17.891645,stringportal_seguranca
768feb27-d468-4d83-a89d-80122c7ff0ef,relatorio_analise_malware.pdf,relatorio_analise_malware.pdf,.pdf,application/pdf,27579,relatorios,Relatório de análise de arquivo suspeito (documento_suspeito.exe) classificado com severidade alta e isolado do ambiente,2026-10-08T18:33:52.816118,beccb178f03c9eae1f20f8128b5ed6ef1cd65bd34f22667312d4dd47d624ffb6,rotina_de_monitoramento,alto,analise_de_malware,2026-10-08T18:33:52.816130,ambiente_controlado
fb174f75-9616-4a43-a1a2-4ad07ca3d99d,relatorio_auditoria_acessos.pdf,relatorio_auditoria_acessos.pdf,.pdf,application/pdf,27495,relatorios,"Relatório de auditoria de acessos registando 248 acessos, 27 tentativas falhadas e 2 contas bloqueadas",2026-10-08T18:35:10.338008,87a8d2f77056372f6762fba4211c513873b2b1e837abbcc39c158bb4c844d203,registos_de_autenticacao,medio,auditoria_de_acessos,2026-10-08T18:35:10.338018,servico_autenticacao
4ef0d58f-e07d-4f5a-ab24-b5128b990063,relatorio_incidente.pdf,relatorio_incidente.pdf,.pdf,application/pdf,27862,relatorios,Relatório de incidente de segurança referente a tentativa de acesso não autorizado contido no servidor de arquivos,2026-10-08T18:36:17.946039,fc93715ab2badc424e1363639be2430e5d07f746aaa970804d35c785ae0fb1d6,sistema_de_monitoramento,alto,tentativa_acesso_nao_autorizado,2026-10-08T18:36:17.946053,Servidor de arquivos
b6ce89ab-0b8c-4a88-ac02-68af939a9e72,relatorio_vulnerabilidades.pdf,relatorio_vulnerabilidades.pdf,.pdf,application/pdf,27540,relatorios,"Relatório de análise de vulnerabilidades no servidor de testes identificando 5 vulnerabilidades (2 altas, 2 médias e 1 baixa)",2026-10-08T18:37:24.114048,abb138de8945b39f6bf421f400c343514e65632c142bc23a31df8ff1701db537,analise_de_seguranca,alto,analise_de_vulnerabilidades,2026-10-08T18:37:24.114059,Servidor de testes
92f31cb1-81c3-441b-b823-be1eca293365,resultado_nmap.txt,resultado_nmap.txt,.txt,text/plain,625,relatorios,"Resultado de varredura de portas efetuada com Nmap no alvo servidor-teste.local, identificando 4 portas abertas (SSH, HTTP, HTTPS e MySQL)",2026-10-08T18:43:16.692149,101e80cbd9495cb41ff6595fe0238c662dfbeaa38da2c5a658ac8d84270e93e4,servidor-teste.local,medio,varredura_de_portas,2026-10-08T18:43:16.692158,ferramenta_nmap
69f7fd65-b199-45da-9690-76773041da18,resultado_varredura_seguranca.json,resultado_varredura_seguranca.json,.json,application/json,864,auditorias,Relatório de varredura de vulnerabilidades na rede 192.168.10.0/24 com identificação de vulnerabilidades críticas e altas,2026-10-08T18:45:43.540835,2d9c67f4833a511f3cbbe71f79acc21b7c653f9d78a41adf0b1796710221cc08,192.168.10.0/24,critico,varredura_de_vulnerabilidades,2026-10-08T18:45:43.540850,Security Scanner
cf60cd63-ce4e-483e-a7f4-45c088f09836,tentativas_login.csv,tentativas_login.csv,.csv,text/csv,704,auditorias,"Registo histórico de tentativas de início de sessão contendo acessos bem-sucedidos, falhas e bloqueios de conta",2026-10-08T18:46:57.831804,489e046e6afc5830cb58b4d109aa4641002832c14f5e2463e20a61a88999094b,192.168.1.20,medio,tentativas_de_login,2026-10-08T18:46:57.831816,servico_autenticacao
a042da83-6a98-4b1e-b1cb-4de99b1f5ce8,vulnerabilidades_identificadas.csv,vulnerabilidades_identificadas.csv,.csv,text/csv,588,comprovante,"Listagem consolidada de vulnerabilidades detetadas nos ativos da rede, incluindo senhas fracas, serviços desatualizados e regras permissivas",2026-10-08T18:47:48.396391,1c2849afeb843426da551676d4c0dad36d6e6df8a49a95833261fd2a634213a1,Scanner de vulnerabilidades,critico,relatorio_de_vulnerabilidades,2026-10-08T18:47:48.396402,Scanner de vulnerabilidades
